Date,Open,High,Low,Close,Adj Close,Volume,Dividends,Stock Splits,ticker
2024-08-22 00:00:00-04:00,15.65999984741211,15.670000076293945,15.319999694824219,15.449999809265137,15.205650329589844,18683600,0.0,0.0,CCL
2024-08-23 00:00:00-04:00,15.520000457763672,16.75,15.470000267028809,16.610000610351562,16.347305297851562,42378900,0.0,0.0,CCL
2024-08-26 00:00:00-04:00,16.600000381469727,16.709999084472656,16.40999984741211,16.600000381469727,16.33746337890625,21673600,0.0,0.0,CCL
2024-08-27 00:00:00-04:00,16.549999237060547,17.3700008392334,16.510000228881836,17.040000915527344,16.770503997802734,30136600,0.0,0.0,CCL
2024-08-28 00:00:00-04:00,16.93000030517578,17.020000457763672,16.489999771118164,16.6299991607666,16.366987228393555,24878400,0.0,0.0,CCL
2024-08-29 00:00:00-04:00,16.790000915527344,16.8700008392334,16.510000228881836,16.540000915527344,16.278411865234375,22800000,0.0,0.0,CCL
2024-08-30 00:00:00-04:00,16.6200008392334,16.790000915527344,16.25,16.5,16.239044189453125,20664200,0.0,0.0,CCL
2024-09-03 00:00:00-04:00,16.299999237060547,16.790000915527344,16.200000762939453,16.34000015258789,16.081575393676758,23606100,0.0,0.0,CCL
2024-09-04 00:00:00-04:00,16.229999542236328,16.520000457763672,15.989999771118164,16.149999618530273,15.89457893371582,18999300,0.0,0.0,CCL
2024-09-05 00:00:00-04:00,16.299999237060547,16.59000015258789,16.06999969482422,16.149999618530273,15.89457893371582,15078900,0.0,0.0,CCL
2024-09-06 00:00:00-04:00,16.209999084472656,16.459999084472656,15.5,15.670000076293945,15.422171592712402,24505600,0.0,0.0,CCL
2024-09-09 00:00:00-04:00,15.880000114440918,16.200000762939453,15.850000381469727,16.030000686645508,15.776477813720703,21478400,0.0,0.0,CCL
2024-09-10 00:00:00-04:00,16.1299991607666,16.170000076293945,15.489999771118164,16.139999389648438,15.884737014770508,17919700,0.0,0.0,CCL
2024-09-11 00:00:00-04:00,16.110000610351562,16.549999237060547,15.880000114440918,16.540000915527344,16.278411865234375,31864300,0.0,0.0,CCL
2024-09-12 00:00:00-04:00,16.639999389648438,17.170000076293945,16.610000610351562,16.920000076293945,16.652400970458984,27585200,0.0,0.0,CCL
2024-09-13 00:00:00-04:00,17.010000228881836,17.489999771118164,17.0,17.260000228881836,16.987024307250977,23340800,0.0,0.0,CCL
2024-09-16 00:00:00-04:00,17.3700008392334,17.940000534057617,17.270000457763672,17.829999923706055,17.548009872436523,27539900,0.0,0.0,CCL
2024-09-17 00:00:00-04:00,18.040000915527344,18.18000030517578,17.8700008392334,18.030000686645508,17.744848251342773,24716400,0.0,0.0,CCL
2024-09-18 00:00:00-04:00,18.1299991607666,18.739999771118164,18.1299991607666,18.360000610351562,18.069629669189453,30907100,0.0,0.0,CCL
2024-09-19 00:00:00-04:00,18.93000030517578,18.989999771118164,18.6200008392334,18.760000228881836,18.463302612304688,25872300,0.0,0.0,CCL
2024-09-20 00:00:00-04:00,18.700000762939453,19.09000015258789,18.549999237060547,19.0,18.699504852294922,36581200,0.0,0.0,CCL
2024-09-23 00:00:00-04:00,19.0,19.020000457763672,18.709999084472656,18.969999313354492,18.669981002807617,27346800,0.0,0.0,CCL
2024-09-24 00:00:00-04:00,19.0,19.010000228881836,18.3700008392334,18.729999542236328,18.433774948120117,32022100,0.0,0.0,CCL
2024-09-25 00:00:00-04:00,18.670000076293945,18.68000030517578,17.989999771118164,18.040000915527344,17.754688262939453,32886900,0.0,0.0,CCL
2024-09-26 00:00:00-04:00,18.43000030517578,18.899999618530273,18.3799991607666,18.68000030517578,18.384567260742188,31889000,0.0,0.0,CCL
2024-09-27 00:00:00-04:00,18.799999237060547,18.8700008392334,18.479999542236328,18.540000915527344,18.246780395507812,34530800,0.0,0.0,CCL
2024-09-30 00:00:00-04:00,18.670000076293945,18.719999313354492,17.329999923706055,18.479999542236328,18.18773078918457,68527300,0.0,0.0,CCL
2024-10-01 00:00:00-04:00,18.700000762939453,18.81999969482422,17.6200008392334,18.020000457763672,17.73500633239746,45154300,0.0,0.0,CCL
2024-10-02 00:00:00-04:00,17.709999084472656,17.860000610351562,17.479999542236328,17.709999084472656,17.42990493774414,29643700,0.0,0.0,CCL
2024-10-03 00:00:00-04:00,17.43000030517578,17.700000762939453,17.110000610351562,17.34000015258789,17.065759658813477,31611000,0.0,0.0,CCL
2024-10-04 00:00:00-04:00,17.68000030517578,18.149999618530273,17.549999237060547,18.020000457763672,17.73500633239746,31705200,0.0,0.0,CCL
2024-10-07 00:00:00-04:00,17.989999771118164,18.420000076293945,17.829999923706055,18.010000228881836,17.72516441345215,31436400,0.0,0.0,CCL
2024-10-08 00:00:00-04:00,18.079999923706055,18.989999771118164,18.06999969482422,18.8700008392334,18.571561813354492,35723400,0.0,0.0,CCL
2024-10-09 00:00:00-04:00,19.149999618530273,20.450000762939453,19.09000015258789,20.200000762939453,19.88052749633789,70901700,0.0,0.0,CCL
2024-10-10 00:00:00-04:00,19.860000610351562,20.5,19.719999313354492,20.389999389648438,20.067520141601562,38703100,0.0,0.0,CCL
2024-10-11 00:00:00-04:00,20.459999084472656,20.809999465942383,20.360000610351562,20.43000030517578,20.106889724731445,28855400,0.0,0.0,CCL
2024-10-14 00:00:00-04:00,20.329999923706055,20.43000030517578,19.969999313354492,20.209999084472656,19.89036750793457,27465900,0.0,0.0,CCL
2024-10-15 00:00:00-04:00,20.780000686645508,21.799999237060547,20.760000228881836,21.549999237060547,21.20917510986328,46916700,0.0,0.0,CCL
2024-10-16 00:00:00-04:00,21.56999969482422,21.670000076293945,21.290000915527344,21.399999618530273,21.061548233032227,22859800,0.0,0.0,CCL
2024-10-17 00:00:00-04:00,21.6200008392334,21.780000686645508,21.229999542236328,21.40999984741211,21.07139015197754,20065300,0.0,0.0,CCL
2024-10-18 00:00:00-04:00,21.360000610351562,21.420000076293945,21.049999237060547,21.31999969482422,20.982812881469727,17996300,0.0,0.0,CCL
2024-10-21 00:00:00-04:00,21.25,21.3799991607666,21.030000686645508,21.280000686645508,20.94344711303711,17595600,0.0,0.0,CCL
2024-10-22 00:00:00-04:00,21.170000076293945,21.559999465942383,20.780000686645508,21.450000762939453,21.11075782775879,19644100,0.0,0.0,CCL
2024-10-23 00:00:00-04:00,21.280000686645508,21.399999618530273,20.81999969482422,21.0,20.667875289916992,15934800,0.0,0.0,CCL
2024-10-24 00:00:00-04:00,21.049999237060547,21.25,20.610000610351562,20.90999984741211,20.57929801940918,15605400,0.0,0.0,CCL
2024-10-25 00:00:00-04:00,20.979999542236328,21.059999465942383,20.739999771118164,20.90999984741211,20.57929801940918,16284000,0.0,0.0,CCL
2024-10-28 00:00:00-04:00,21.719999313354492,22.389999389648438,21.549999237060547,21.920000076293945,21.573322296142578,32073400,0.0,0.0,CCL
2024-10-29 00:00:00-04:00,21.469999313354492,22.350000381469727,21.43000030517578,22.100000381469727,21.750478744506836,27969800,0.0,0.0,CCL
2024-10-30 00:00:00-04:00,21.920000076293945,22.299999237060547,21.719999313354492,22.15999984741211,21.809528350830078,23747300,0.0,0.0,CCL
2024-10-31 00:00:00-04:00,22.489999771118164,23.049999237060547,21.90999984741211,22.0,21.65205955505371,32433300,0.0,0.0,CCL
2024-11-01 00:00:00-04:00,22.0,22.149999618530273,21.75,21.899999618530273,21.553640365600586,23499000,0.0,0.0,CCL
2024-11-04 00:00:00-05:00,21.799999237060547,22.209999084472656,21.549999237060547,21.90999984741211,21.563480377197266,16784900,0.0,0.0,CCL
2024-11-05 00:00:00-05:00,21.940000534057617,22.670000076293945,21.940000534057617,22.450000762939453,22.094942092895508,17652300,0.0,0.0,CCL
2024-11-06 00:00:00-05:00,23.6299991607666,24.34000015258789,23.510000228881836,24.229999542236328,23.846790313720703,48011000,0.0,0.0,CCL
2024-11-07 00:00:00-05:00,23.829999923706055,24.190000534057617,23.68000030517578,23.68000030517578,23.305490493774414,24617800,0.0,0.0,CCL
2024-11-08 00:00:00-05:00,23.700000762939453,24.40999984741211,23.670000076293945,24.06999969482422,23.689319610595703,18979500,0.0,0.0,CCL
2024-11-11 00:00:00-05:00,24.5,24.729999542236328,24.010000228881836,24.600000381469727,24.2109375,20466800,0.0,0.0,CCL
2024-11-12 00:00:00-05:00,24.219999313354492,24.780000686645508,24.209999084472656,24.59000015258789,24.201095581054688,18197400,0.0,0.0,CCL
2024-11-13 00:00:00-05:00,24.579999923706055,24.829999923706055,24.31999969482422,24.549999237060547,24.161727905273438,17563900,0.0,0.0,CCL
2024-11-14 00:00:00-05:00,24.56999969482422,24.989999771118164,24.260000228881836,24.309999465942383,23.92552375793457,20945300,0.0,0.0,CCL
2024-11-15 00:00:00-05:00,24.010000228881836,24.40999984741211,23.920000076293945,24.309999465942383,23.92552375793457,18241900,0.0,0.0,CCL
2024-11-18 00:00:00-05:00,24.219999313354492,24.639999389648438,23.950000762939453,24.510000228881836,24.12236213684082,24142300,0.0,0.0,CCL
2024-11-19 00:00:00-05:00,24.0,25.219999313354492,23.860000610351562,25.1299991607666,24.732555389404297,27670700,0.0,0.0,CCL
2024-11-20 00:00:00-05:00,25.18000030517578,25.450000762939453,24.889999389648438,25.079999923706055,24.683345794677734,14496000,0.0,0.0,CCL
2024-11-21 00:00:00-05:00,25.1299991607666,25.600000381469727,25.0,25.350000381469727,24.949077606201172,19109500,0.0,0.0,CCL
2024-11-22 00:00:00-05:00,25.350000381469727,25.579999923706055,24.850000381469727,24.899999618530273,24.506195068359375,32540400,0.0,0.0,CCL
2024-11-25 00:00:00-05:00,25.200000762939453,25.440000534057617,25.049999237060547,25.190000534057617,24.791606903076172,24680900,0.0,0.0,CCL
2024-11-26 00:00:00-05:00,25.079999923706055,25.799999237060547,24.969999313354492,25.34000015258789,24.93923568725586,20993100,0.0,0.0,CCL
2024-11-27 00:00:00-05:00,25.350000381469727,25.520000457763672,25.139999389648438,25.139999389648438,24.74239730834961,9131300,0.0,0.0,CCL
2024-11-29 00:00:00-05:00,25.270000457763672,25.579999923706055,25.260000228881836,25.43000030517578,25.02781105041504,8047700,0.0,0.0,CCL
2024-12-02 00:00:00-05:00,25.670000076293945,26.65999984741211,25.6299991607666,25.989999771118164,25.578954696655273,21179700,0.0,0.0,CCL
2024-12-03 00:00:00-05:00,26.09000015258789,26.56999969482422,25.93000030517578,26.110000610351562,25.697057723999023,19172800,0.0,0.0,CCL
2024-12-04 00:00:00-05:00,26.260000228881836,26.790000915527344,26.260000228881836,26.780000686645508,26.356460571289062,19191500,0.0,0.0,CCL
2024-12-05 00:00:00-05:00,26.989999771118164,27.170000076293945,26.420000076293945,26.450000762939453,26.031681060791016,21657700,0.0,0.0,CCL
2024-12-06 00:00:00-05:00,26.489999771118164,26.649999618530273,25.889999389648438,26.610000610351562,26.189149856567383,18633200,0.0,0.0,CCL
2024-12-09 00:00:00-05:00,26.559999465942383,26.600000381469727,25.329999923706055,25.389999389648438,24.98844337463379,19616000,0.0,0.0,CCL
2024-12-10 00:00:00-05:00,25.959999084472656,26.360000610351562,25.639999389648438,25.829999923706055,25.421485900878906,18652700,0.0,0.0,CCL
2024-12-11 00:00:00-05:00,25.93000030517578,26.6200008392334,25.93000030517578,26.610000610351562,26.189149856567383,15172100,0.0,0.0,CCL
2024-12-12 00:00:00-05:00,26.5,26.780000686645508,26.18000030517578,26.18000030517578,25.76595115661621,15743800,0.0,0.0,CCL
2024-12-13 00:00:00-05:00,26.290000915527344,26.40999984741211,25.780000686645508,25.899999618530273,25.49037742614746,13799100,0.0,0.0,CCL
2024-12-16 00:00:00-05:00,26.280000686645508,26.459999084472656,25.850000381469727,25.90999984741211,25.500219345092773,15710900,0.0,0.0,CCL
2024-12-17 00:00:00-05:00,25.8700008392334,25.989999771118164,25.399999618530273,25.719999313354492,25.31322479248047,17328000,0.0,0.0,CCL
2024-12-18 00:00:00-05:00,26.110000610351562,26.190000534057617,24.549999237060547,24.81999969482422,24.427457809448242,21896700,0.0,0.0,CCL
2024-12-19 00:00:00-05:00,25.0,25.450000762939453,24.770000457763672,25.18000030517578,24.78176498413086,21381700,0.0,0.0,CCL
2024-12-20 00:00:00-05:00,25.780000686645508,27.139999389648438,25.440000534057617,26.799999237060547,26.376144409179688,61015000,0.0,0.0,CCL
2024-12-23 00:00:00-05:00,26.520000457763672,26.540000915527344,25.260000228881836,25.729999542236328,25.32306671142578,35169600,0.0,0.0,CCL
2024-12-24 00:00:00-05:00,26.0,26.049999237060547,25.420000076293945,25.790000915527344,25.382118225097656,10234900,0.0,0.0,CCL
2024-12-26 00:00:00-05:00,25.479999542236328,25.829999923706055,25.3700008392334,25.65999984741211,25.254173278808594,12363700,0.0,0.0,CCL
2024-12-27 00:00:00-05:00,25.40999984741211,25.540000915527344,24.889999389648438,25.079999923706055,24.683345794677734,14967400,0.0,0.0,CCL
2024-12-30 00:00:00-05:00,24.540000915527344,25.350000381469727,24.309999465942383,25.049999237060547,24.653820037841797,15497600,0.0,0.0,CCL
2024-12-31 00:00:00-05:00,24.860000610351562,25.3799991607666,24.860000610351562,24.920000076293945,24.525876998901367,10363500,0.0,0.0,CCL
2025-01-02 00:00:00-05:00,25.1299991607666,25.399999618530273,24.600000381469727,25.010000228881836,24.61445426940918,26418700,0.0,0.0,CCL
2025-01-03 00:00:00-05:00,25.030000686645508,25.100000381469727,23.93000030517578,24.3799991607666,23.994417190551758,20575500,0.0,0.0,CCL
2025-01-06 00:00:00-05:00,24.649999618530273,24.739999771118164,24.059999465942383,24.1299991607666,23.748371124267578,20057300,0.0,0.0,CCL
2025-01-07 00:00:00-05:00,24.079999923706055,24.170000076293945,23.270000457763672,23.84000015258789,23.46295928955078,23142500,0.0,0.0,CCL
2025-01-08 00:00:00-05:00,23.510000228881836,24.270000457763672,23.399999618530273,24.18000030517578,23.79758071899414,18531000,0.0,0.0,CCL
2025-01-10 00:00:00-05:00,23.549999237060547,24.520000457763672,23.34000015258789,24.270000457763672,23.886157989501953,20698600,0.0,0.0,CCL
2025-01-13 00:00:00-05:00,23.729999542236328,24.18000030517578,23.559999465942383,23.889999389648438,23.512168884277344,16174100,0.0,0.0,CCL
2025-01-14 00:00:00-05:00,24.079999923706055,24.59000015258789,23.829999923706055,24.510000228881836,24.12236213684082,16470100,0.0,0.0,CCL
2025-01-15 00:00:00-05:00,25.219999313354492,25.280000686645508,24.670000076293945,24.940000534057617,24.545560836791992,27603600,0.0,0.0,CCL
2025-01-16 00:00:00-05:00,24.90999984741211,25.110000610351562,24.59000015258789,25.049999237060547,24.653820037841797,14694700,0.0,0.0,CCL
2025-01-17 00:00:00-05:00,25.200000762939453,26.110000610351562,25.170000076293945,25.850000381469727,25.44116973876953,21345400,0.0,0.0,CCL
2025-01-21 00:00:00-05:00,26.440000534057617,26.770000457763672,25.530000686645508,25.600000381469727,25.19512367248535,30257400,0.0,0.0,CCL
2025-01-22 00:00:00-05:00,25.8700008392334,25.920000076293945,25.110000610351562,25.25,24.850658416748047,16706300,0.0,0.0,CCL
2025-01-23 00:00:00-05:00,25.25,25.649999618530273,24.950000762939453,25.610000610351562,25.204965591430664,15381900,0.0,0.0,CCL
2025-01-24 00:00:00-05:00,25.520000457763672,25.739999771118164,25.350000381469727,25.420000076293945,25.017969131469727,17631700,0.0,0.0,CCL
2025-01-27 00:00:00-05:00,25.010000228881836,25.8700008392334,24.8799991607666,25.68000030517578,25.27385711669922,17600300,0.0,0.0,CCL
2025-01-28 00:00:00-05:00,25.790000915527344,27.81999969482422,25.760000228881836,27.770000457763672,27.3308048248291,37778500,0.0,0.0,CCL
2025-01-29 00:00:00-05:00,27.770000457763672,28.1200008392334,27.3700008392334,27.90999984741211,27.46858787536621,39258100,0.0,0.0,CCL
2025-01-30 00:00:00-05:00,28.15999984741211,28.5,28.010000228881836,28.489999771118164,28.039417266845703,19956000,0.0,0.0,CCL
2025-01-31 00:00:00-05:00,28.530000686645508,28.719999313354492,27.600000381469727,27.670000076293945,27.232385635375977,18005900,0.0,0.0,CCL
2025-02-03 00:00:00-05:00,26.520000457763672,27.530000686645508,26.270000457763672,27.049999237060547,26.622188568115234,18261600,0.0,0.0,CCL
2025-02-04 00:00:00-05:00,27.18000030517578,27.34000015258789,26.610000610351562,27.09000015258789,26.661558151245117,18287100,0.0,0.0,CCL
2025-02-05 00:00:00-05:00,27.290000915527344,27.59000015258789,26.739999771118164,27.190000534057617,26.75997543334961,13072200,0.0,0.0,CCL
2025-02-06 00:00:00-05:00,27.280000686645508,27.56999969482422,26.940000534057617,27.440000534057617,27.006023406982422,14071200,0.0,0.0,CCL
2025-02-07 00:00:00-05:00,27.540000915527344,27.81999969482422,26.670000076293945,26.75,26.326934814453125,15149200,0.0,0.0,CCL
2025-02-10 00:00:00-05:00,26.75,26.93000030517578,26.010000228881836,26.100000381469727,25.68721580505371,14713100,0.0,0.0,CCL
2025-02-11 00:00:00-05:00,25.799999237060547,25.850000381469727,25.329999923706055,25.610000610351562,25.204965591430664,14040800,0.0,0.0,CCL
2025-02-12 00:00:00-05:00,25.200000762939453,25.899999618530273,25.059999465942383,25.889999389648438,25.48053550720215,13942600,0.0,0.0,CCL
2025-02-13 00:00:00-05:00,25.989999771118164,26.34000015258789,25.3799991607666,25.860000610351562,25.451011657714844,14560100,0.0,0.0,CCL
2025-02-14 00:00:00-05:00,25.979999542236328,26.25,25.479999542236328,26.229999542236328,25.81515884399414,12164800,0.0,0.0,CCL
2025-02-18 00:00:00-05:00,26.149999618530273,26.389999389648438,25.3799991607666,25.729999542236328,25.32306671142578,22472200,0.0,0.0,CCL
2025-02-19 00:00:00-05:00,25.530000686645508,26.100000381469727,25.200000762939453,26.09000015258789,25.6773738861084,13325400,0.0,0.0,CCL
2025-02-20 00:00:00-05:00,25.59000015258789,25.68000030517578,23.420000076293945,24.559999465942383,24.171571731567383,52245800,0.0,0.0,CCL
2025-02-21 00:00:00-05:00,24.700000762939453,24.700000762939453,22.81999969482422,23.219999313354492,22.852764129638672,31226400,0.0,0.0,CCL
2025-02-24 00:00:00-05:00,23.719999313354492,24.049999237060547,23.260000228881836,23.6299991607666,23.25627899169922,21830700,0.0,0.0,CCL
2025-02-25 00:00:00-05:00,24.079999923706055,24.110000610351562,23.309999465942383,23.739999771118164,23.364538192749023,19622200,0.0,0.0,CCL
2025-02-26 00:00:00-05:00,24.079999923706055,24.600000381469727,23.81999969482422,24.1200008392334,23.738529205322266,12983300,0.0,0.0,CCL
2025-02-27 00:00:00-05:00,24.40999984741211,24.56999969482422,23.229999542236328,23.5,23.12833595275879,18890600,0.0,0.0,CCL
2025-02-28 00:00:00-05:00,23.549999237060547,23.950000762939453,23.280000686645508,23.93000030517578,23.55153465270996,16216900,0.0,0.0,CCL
2025-03-03 00:00:00-05:00,23.81999969482422,24.469999313354492,23.020000457763672,23.260000228881836,22.89212989807129,18349000,0.0,0.0,CCL
2025-03-04 00:00:00-05:00,22.530000686645508,22.649999618530273,21.440000534057617,21.90999984741211,21.563480377197266,44502500,0.0,0.0,CCL
2025-03-05 00:00:00-05:00,22.049999237060547,22.3700008392334,21.729999542236328,22.34000015258789,21.986682891845703,28569300,0.0,0.0,CCL
2025-03-06 00:00:00-05:00,21.559999465942383,21.8700008392334,20.799999237060547,20.8700008392334,20.53993034362793,26983500,0.0,0.0,CCL
2025-03-07 00:00:00-05:00,20.860000610351562,20.860000610351562,19.829999923706055,20.639999389648438,20.313568115234375,34604900,0.0,0.0,CCL
2025-03-10 00:00:00-04:00,19.959999084472656,20.0,18.65999984741211,19.079999923706055,18.778240203857422,41514100,0.0,0.0,CCL
2025-03-11 00:00:00-04:00,18.889999389648438,19.200000762939453,18.15999984741211,19.100000381469727,18.79792594909668,46610200,0.0,0.0,CCL
2025-03-12 00:00:00-04:00,19.440000534057617,19.950000762939453,19.219999313354492,19.5,19.191598892211914,30901500,0.0,0.0,CCL
2025-03-13 00:00:00-04:00,19.520000457763672,19.790000915527344,18.780000686645508,19.1200008392334,18.817607879638672,28369700,0.0,0.0,CCL
2025-03-14 00:00:00-04:00,19.40999984741211,19.940000534057617,19.25,19.920000076293945,19.604955673217773,22467900,0.0,0.0,CCL
2025-03-17 00:00:00-04:00,20.270000457763672,21.020000457763672,20.25,20.889999389648438,20.559614181518555,27688100,0.0,0.0,CCL
2025-03-18 00:00:00-04:00,20.59000015258789,20.739999771118164,19.860000610351562,20.1200008392334,19.80179214477539,26922300,0.0,0.0,CCL
2025-03-19 00:00:00-04:00,20.299999237060547,21.3700008392334,20.270000457763672,21.049999237060547,20.717082977294922,31084000,0.0,0.0,CCL
2025-03-20 00:00:00-04:00,20.739999771118164,21.559999465942383,20.729999542236328,21.200000762939453,20.86471176147461,29910600,0.0,0.0,CCL
2025-03-21 00:00:00-04:00,20.389999389648438,21.530000686645508,19.81999969482422,20.940000534057617,20.608823776245117,59554700,0.0,0.0,CCL
2025-03-24 00:00:00-04:00,21.530000686645508,21.75,21.049999237060547,21.440000534057617,21.100914001464844,21696800,0.0,0.0,CCL
2025-03-25 00:00:00-04:00,21.56999969482422,21.780000686645508,21.049999237060547,21.260000228881836,20.923763275146484,18816800,0.0,0.0,CCL
2025-03-26 00:00:00-04:00,21.170000076293945,21.389999389648438,20.75,20.93000030517578,20.598981857299805,15994700,0.0,0.0,CCL
2025-03-27 00:00:00-04:00,20.75,21.170000076293945,20.530000686645508,20.780000686645508,20.45135498046875,14326900,0.0,0.0,CCL
2025-03-28 00:00:00-04:00,20.700000762939453,20.700000762939453,19.65999984741211,19.8700008392334,19.55574607849121,18880900,0.0,0.0,CCL
2025-03-31 00:00:00-04:00,19.15999984741211,19.68000030517578,18.770000457763672,19.530000686645508,19.22112274169922,25028400,0.0,0.0,CCL
2025-04-01 00:00:00-04:00,19.600000381469727,19.670000076293945,18.860000610351562,19.389999389648438,19.083335876464844,20870100,0.0,0.0,CCL
2025-04-02 00:00:00-04:00,19.030000686645508,20.049999237060547,19.030000686645508,20.020000457763672,19.703372955322266,20897000,0.0,0.0,CCL
2025-04-03 00:00:00-04:00,18.40999984741211,18.450000762939453,17.25,17.280000686645508,17.006710052490234,46293300,0.0,0.0,CCL
2025-04-04 00:00:00-04:00,16.489999771118164,16.739999771118164,15.609999656677246,16.5,16.239044189453125,39839300,0.0,0.0,CCL
2025-04-07 00:00:00-04:00,15.329999923706055,17.450000762939453,15.069999694824219,16.43000030517578,16.17015266418457,41421800,0.0,0.0,CCL
2025-04-08 00:00:00-04:00,17.780000686645508,18.0,16.34000015258789,16.690000534057617,16.426040649414062,42041100,0.0,0.0,CCL
2025-04-09 00:00:00-04:00,16.770000457763672,19.979999542236328,16.610000610351562,19.610000610351562,19.29985809326172,66939000,0.0,0.0,CCL
2025-04-10 00:00:00-04:00,18.31999969482422,18.600000381469727,17.079999923706055,17.600000381469727,17.32164764404297,47116900,0.0,0.0,CCL
2025-04-11 00:00:00-04:00,17.520000457763672,17.81999969482422,17.100000381469727,17.639999389648438,17.361013412475586,18749000,0.0,0.0,CCL
2025-04-14 00:00:00-04:00,18.280000686645508,18.3799991607666,17.420000076293945,17.81999969482422,17.53816795349121,21774700,0.0,0.0,CCL
2025-04-15 00:00:00-04:00,17.920000076293945,18.030000686645508,17.59000015258789,18.0,17.715320587158203,22760900,0.0,0.0,CCL
2025-04-16 00:00:00-04:00,17.850000381469727,18.25,17.520000457763672,17.8700008392334,17.587379455566406,21109300,0.0,0.0,CCL
2025-04-17 00:00:00-04:00,17.889999389648438,18.219999313354492,17.690000534057617,17.989999771118164,17.70547866821289,17701900,0.0,0.0,CCL
2025-04-21 00:00:00-04:00,17.59000015258789,17.84000015258789,17.049999237060547,17.239999771118164,16.96733856201172,18735400,0.0,0.0,CCL
2025-04-22 00:00:00-04:00,17.549999237060547,17.989999771118164,17.469999313354492,17.979999542236328,17.695634841918945,18510400,0.0,0.0,CCL
2025-04-23 00:00:00-04:00,18.8799991607666,19.520000457763672,18.399999618530273,18.479999542236328,18.18773078918457,21605300,0.0,0.0,CCL
2025-04-24 00:00:00-04:00,18.43000030517578,18.799999237060547,18.309999465942383,18.700000762939453,18.404251098632812,17254700,0.0,0.0,CCL
2025-04-25 00:00:00-04:00,18.700000762939453,18.8799991607666,18.389999389648438,18.600000381469727,18.305831909179688,14859300,0.0,0.0,CCL
2025-04-28 00:00:00-04:00,18.84000015258789,19.329999923706055,18.729999542236328,18.860000610351562,18.56171989440918,18025400,0.0,0.0,CCL
2025-04-29 00:00:00-04:00,19.170000076293945,19.219999313354492,18.309999465942383,18.709999084472656,18.414091110229492,30363300,0.0,0.0,CCL
2025-04-30 00:00:00-04:00,17.790000915527344,18.350000381469727,17.329999923706055,18.34000015258789,18.049942016601562,31787800,0.0,0.0,CCL
2025-05-01 00:00:00-04:00,18.68000030517578,18.799999237060547,18.510000228881836,18.6299991607666,18.335357666015625,20649000,0.0,0.0,CCL
2025-05-02 00:00:00-04:00,19.040000915527344,19.639999389648438,19.020000457763672,19.56999969482422,19.2604923248291,27621700,0.0,0.0,CCL
2025-05-05 00:00:00-04:00,19.1200008392334,19.889999389648438,19.059999465942383,19.559999465942383,19.25065040588379,16771300,0.0,0.0,CCL
2025-05-06 00:00:00-04:00,19.219999313354492,19.719999313354492,19.219999313354492,19.530000686645508,19.22112274169922,15400400,0.0,0.0,CCL
2025-05-07 00:00:00-04:00,19.709999084472656,20.010000228881836,19.440000534057617,19.690000534057617,19.37859344482422,23037000,0.0,0.0,CCL
2025-05-08 00:00:00-04:00,19.979999542236328,20.5,19.899999618530273,20.25,19.92973518371582,30449300,0.0,0.0,CCL
2025-05-09 00:00:00-04:00,20.229999542236328,20.3700008392334,19.920000076293945,20.190000534057617,19.870685577392578,17379300,0.0,0.0,CCL
2025-05-12 00:00:00-04:00,21.59000015258789,22.360000610351562,21.549999237060547,22.1299991607666,21.78000259399414,43025800,0.0,0.0,CCL
2025-05-13 00:00:00-04:00,22.219999313354492,22.780000686645508,21.979999542236328,22.739999771118164,22.380355834960938,27784500,0.0,0.0,CCL
2025-05-14 00:00:00-04:00,22.719999313354492,23.229999542236328,22.700000762939453,22.989999771118164,22.626399993896484,28264100,0.0,0.0,CCL
2025-05-15 00:00:00-04:00,22.75,23.110000610351562,22.5,23.0,22.636241912841797,25853400,0.0,0.0,CCL
2025-05-16 00:00:00-04:00,23.260000228881836,23.459999084472656,23.049999237060547,23.389999389648438,23.02007293701172,18741000,0.0,0.0,CCL
2025-05-19 00:00:00-04:00,22.979999542236328,23.40999984741211,22.75,23.389999389648438,23.02007293701172,19197100,0.0,0.0,CCL
2025-05-20 00:00:00-04:00,22.969999313354492,23.09000015258789,22.600000381469727,22.899999618530273,22.537824630737305,18785200,0.0,0.0,CCL
2025-05-21 00:00:00-04:00,22.530000686645508,22.600000381469727,21.84000015258789,22.040000915527344,21.691425323486328,22318800,0.0,0.0,CCL
2025-05-22 00:00:00-04:00,22.049999237060547,22.540000915527344,22.030000686645508,22.43000030517578,22.075258255004883,15231000,0.0,0.0,CCL
2025-05-23 00:00:00-04:00,21.729999542236328,22.299999237060547,21.6200008392334,22.25,21.898103713989258,15876600,0.0,0.0,CCL
2025-05-27 00:00:00-04:00,22.59000015258789,23.670000076293945,22.59000015258789,23.600000381469727,23.22675323486328,27592600,0.0,0.0,CCL
2025-05-28 00:00:00-04:00,23.440000534057617,23.450000762939453,22.959999084472656,23.0,22.636241912841797,18060800,0.0,0.0,CCL
2025-05-29 00:00:00-04:00,23.049999237060547,23.34000015258789,22.920000076293945,23.15999984741211,22.79371452331543,14925700,0.0,0.0,CCL
2025-05-30 00:00:00-04:00,23.049999237060547,23.34000015258789,22.899999618530273,23.219999313354492,22.852764129638672,22350600,0.0,0.0,CCL
2025-06-02 00:00:00-04:00,23.06999969482422,23.59000015258789,22.899999618530273,23.540000915527344,23.16770362854004,19914900,0.0,0.0,CCL
2025-06-03 00:00:00-04:00,23.610000610351562,24.030000686645508,23.479999542236328,23.93000030517578,23.55153465270996,21199700,0.0,0.0,CCL
2025-06-04 00:00:00-04:00,23.920000076293945,24.010000228881836,23.59000015258789,23.829999923706055,23.45311737060547,21135600,0.0,0.0,CCL
2025-06-05 00:00:00-04:00,23.770000457763672,24.399999618530273,23.68000030517578,24.020000457763672,23.640113830566406,23975700,0.0,0.0,CCL
2025-06-06 00:00:00-04:00,24.290000915527344,24.31999969482422,24.0,24.280000686645508,23.895999908447266,16655100,0.0,0.0,CCL
2025-06-09 00:00:00-04:00,24.459999084472656,24.65999984741211,24.15999984741211,24.209999084472656,23.827104568481445,17924500,0.0,0.0,CCL
2025-06-10 00:00:00-04:00,24.260000228881836,24.520000457763672,24.1200008392334,24.510000228881836,24.12236213684082,14021800,0.0,0.0,CCL
2025-06-11 00:00:00-04:00,24.610000610351562,24.6299991607666,23.780000686645508,23.8700008392334,23.492483139038086,21334500,0.0,0.0,CCL
2025-06-12 00:00:00-04:00,23.579999923706055,23.739999771118164,23.239999771118164,23.56999969482422,23.197229385375977,22811700,0.0,0.0,CCL
2025-06-13 00:00:00-04:00,22.280000686645508,22.829999923706055,22.110000610351562,22.40999984741211,22.055574417114258,36875900,0.0,0.0,CCL
2025-06-16 00:00:00-04:00,23.110000610351562,23.850000381469727,22.889999389648438,23.84000015258789,23.46295928955078,32993500,0.0,0.0,CCL
2025-06-17 00:00:00-04:00,23.639999389648438,23.950000762939453,23.200000762939453,23.280000686645508,22.91181755065918,25124100,0.0,0.0,CCL
2025-06-18 00:00:00-04:00,23.190000534057617,23.809999465942383,23.190000534057617,23.610000610351562,23.236595153808594,19275500,0.0,0.0,CCL
2025-06-20 00:00:00-04:00,23.780000686645508,23.899999618530273,23.6299991607666,23.770000457763672,23.394067764282227,23641100,0.0,0.0,CCL
2025-06-23 00:00:00-04:00,23.350000381469727,24.100000381469727,22.579999923706055,24.040000915527344,23.6597957611084,43972100,0.0,0.0,CCL
2025-06-24 00:00:00-04:00,25.06999969482422,26.530000686645508,24.950000762939453,25.700000762939453,25.293542861938477,70082400,0.0,0.0,CCL
2025-06-25 00:00:00-04:00,25.780000686645508,25.799999237060547,25.229999542236328,25.479999542236328,25.0770206451416,27543700,0.0,0.0,CCL
2025-06-26 00:00:00-04:00,25.709999084472656,26.270000457763672,25.530000686645508,26.170000076293945,25.7561092376709,29096500,0.0,0.0,CCL
2025-06-27 00:00:00-04:00,26.360000610351562,27.350000381469727,26.209999084472656,27.260000228881836,26.82887077331543,46846200,0.0,0.0,CCL
2025-06-30 00:00:00-04:00,27.360000610351562,28.18000030517578,27.18000030517578,28.1200008392334,27.675268173217773,32239400,0.0,0.0,CCL
2025-07-01 00:00:00-04:00,28.079999923706055,28.829999923706055,28.06999969482422,28.639999389648438,28.187044143676758,35589200,0.0,0.0,CCL
2025-07-02 00:00:00-04:00,28.6299991607666,29.719999313354492,28.6200008392334,29.649999618530273,29.181068420410156,33758000,0.0,0.0,CCL
2025-07-03 00:00:00-04:00,29.790000915527344,30.239999771118164,29.65999984741211,29.959999084472656,29.486167907714844,20052800,0.0,0.0,CCL
2025-07-07 00:00:00-04:00,29.780000686645508,30.459999084472656,28.959999084472656,29.309999465942383,28.846446990966797,45731600,0.0,0.0,CCL
2025-07-08 00:00:00-04:00,29.6200008392334,29.739999771118164,28.799999237060547,28.84000015258789,28.383882522583008,26835500,0.0,0.0,CCL
2025-07-09 00:00:00-04:00,29.200000762939453,29.290000915527344,28.729999542236328,28.829999923706055,28.374040603637695,23875300,0.0,0.0,CCL
2025-07-10 00:00:00-04:00,29.059999465942383,29.40999984741211,28.940000534057617,29.100000381469727,28.6397705078125,22868400,0.0,0.0,CCL
2025-07-11 00:00:00-04:00,29.059999465942383,29.190000534057617,28.649999618530273,28.65999984741211,28.20672607421875,14579200,0.0,0.0,CCL
2025-07-14 00:00:00-04:00,28.65999984741211,29.3799991607666,28.59000015258789,29.31999969482422,28.85628890991211,16150000,0.0,0.0,CCL
2025-07-15 00:00:00-04:00,29.229999542236328,29.290000915527344,28.610000610351562,28.969999313354492,28.511825561523438,18347500,0.0,0.0,CCL
2025-07-16 00:00:00-04:00,29.270000457763672,29.510000228881836,28.829999923706055,29.040000915527344,28.580718994140625,17907800,0.0,0.0,CCL
2025-07-17 00:00:00-04:00,29.350000381469727,29.510000228881836,28.8799991607666,29.450000762939453,28.984233856201172,18769900,0.0,0.0,CCL
2025-07-18 00:00:00-04:00,29.549999237060547,29.639999389648438,29.260000228881836,29.549999237060547,29.082651138305664,17147500,0.0,0.0,CCL
2025-07-21 00:00:00-04:00,29.719999313354492,30.229999542236328,29.65999984741211,29.790000915527344,29.318857192993164,17523800,0.0,0.0,CCL
2025-07-22 00:00:00-04:00,29.959999084472656,30.06999969482422,29.25,29.889999389648438,29.417272567749023,12900600,0.0,0.0,CCL
2025-07-23 00:00:00-04:00,30.299999237060547,31.010000228881836,30.290000915527344,30.739999771118164,30.25383186340332,22087400,0.0,0.0,CCL
2025-07-24 00:00:00-04:00,30.450000762939453,30.520000457763672,29.739999771118164,29.780000686645508,29.30901527404785,16342100,0.0,0.0,CCL
2025-07-25 00:00:00-04:00,29.899999618530273,29.959999084472656,29.3799991607666,29.75,29.27948760986328,13068100,0.0,0.0,CCL
2025-07-28 00:00:00-04:00,29.829999923706055,29.8799991607666,29.479999542236328,29.729999542236328,29.259803771972656,15433000,0.0,0.0,CCL
2025-07-29 00:00:00-04:00,29.520000457763672,29.889999389648438,29.0,29.700000762939453,29.230281829833984,22569600,0.0,0.0,CCL
2025-07-30 00:00:00-04:00,29.940000534057617,30.43000030517578,29.670000076293945,30.139999389648438,29.663320541381836,25730700,0.0,0.0,CCL
2025-07-31 00:00:00-04:00,30.639999389648438,30.920000076293945,29.709999084472656,29.770000457763672,29.29917335510254,23139600,0.0,0.0,CCL
2025-08-01 00:00:00-04:00,29.040000915527344,29.190000534057617,28.06999969482422,29.06999969482422,28.61024284362793,26986600,0.0,0.0,CCL
2025-08-04 00:00:00-04:00,29.459999084472656,29.8700008392334,29.360000610351562,29.719999313354492,29.249961853027344,15609400,0.0,0.0,CCL
2025-08-05 00:00:00-04:00,29.979999542236328,30.0,28.93000030517578,29.280000686645508,28.81692123413086,12020000,0.0,0.0,CCL
2025-08-06 00:00:00-04:00,29.43000030517578,29.459999084472656,29.079999923706055,29.239999771118164,28.777555465698242,11524300,0.0,0.0,CCL
2025-08-07 00:00:00-04:00,29.610000610351562,29.709999084472656,28.639999389648438,29.010000228881836,28.551191329956055,15559200,0.0,0.0,CCL
2025-08-08 00:00:00-04:00,29.100000381469727,29.139999389648438,28.31999969482422,28.3700008392334,27.921316146850586,18063000,0.0,0.0,CCL
2025-08-11 00:00:00-04:00,28.200000762939453,28.850000381469727,28.1200008392334,28.610000610351562,28.157520294189453,13503900,0.0,0.0,CCL
2025-08-12 00:00:00-04:00,28.989999771118164,29.649999618530273,28.860000610351562,29.639999389648438,29.171228408813477,14826800,0.0,0.0,CCL
2025-08-13 00:00:00-04:00,29.719999313354492,30.65999984741211,29.700000762939453,30.639999389648438,30.155414581298828,22097800,0.0,0.0,CCL
2025-08-14 00:00:00-04:00,30.25,30.299999237060547,29.850000381469727,30.25,29.77157974243164,15950600,0.0,0.0,CCL
2025-08-15 00:00:00-04:00,30.270000457763672,30.290000915527344,29.579999923706055,29.760000228881836,29.289331436157227,10998200,0.0,0.0,CCL
2025-08-18 00:00:00-04:00,29.600000381469727,30.1200008392334,29.239999771118164,29.969999313354492,29.496009826660156,18898100,0.0,0.0,CCL
2025-08-19 00:00:00-04:00,29.920000076293945,29.920000076293945,29.399999618530273,29.56999969482422,29.102336883544922,13672900,0.0,0.0,CCL
2025-08-20 00:00:00-04:00,29.299999237060547,29.3799991607666,28.649999618530273,29.260000228881836,28.797237396240234,12257300,0.0,0.0,CCL
2025-08-21 00:00:00-04:00,29.100000381469727,29.479999542236328,28.8799991607666,29.270000457763672,28.807079315185547,10453200,0.0,0.0,CCL
2025-08-22 00:00:00-04:00,29.5,31.3799991607666,29.389999389648438,31.299999237060547,30.804973602294922,27206100,0.0,0.0,CCL
2025-08-25 00:00:00-04:00,31.110000610351562,31.3799991607666,30.969999313354492,31.25,30.755765914916992,15569700,0.0,0.0,CCL
2025-08-26 00:00:00-04:00,31.190000534057617,31.90999984741211,31.110000610351562,31.8700008392334,31.3659610748291,17354700,0.0,0.0,CCL
2025-08-27 00:00:00-04:00,31.770000457763672,32.400001525878906,31.770000457763672,32.34000015258789,31.82852554321289,21174600,0.0,0.0,CCL
2025-08-28 00:00:00-04:00,32.459999084472656,32.77000045776367,32.279998779296875,32.4900016784668,31.97615623474121,13455100,0.0,0.0,CCL
2025-08-29 00:00:00-04:00,32.290000915527344,32.619998931884766,31.75,31.889999389648438,31.385643005371094,14832500,0.0,0.0,CCL
2025-09-02 00:00:00-04:00,30.700000762939453,31.200000762939453,30.540000915527344,31.15999984741211,30.66718864440918,15255600,0.0,0.0,CCL
2025-09-03 00:00:00-04:00,31.219999313354492,31.75,31.0,31.329999923706055,30.83449935913086,12020500,0.0,0.0,CCL
2025-09-04 00:00:00-04:00,31.40999984741211,31.920000076293945,31.18000030517578,31.760000228881836,31.257699966430664,10765900,0.0,0.0,CCL
2025-09-05 00:00:00-04:00,32.0,32.2400016784668,31.360000610351562,31.56999969482422,31.070703506469727,12091700,0.0,0.0,CCL
2025-09-08 00:00:00-04:00,31.700000762939453,32.09000015258789,31.5,31.559999465942383,31.060861587524414,20390300,0.0,0.0,CCL
2025-09-09 00:00:00-04:00,31.459999084472656,32.06999969482422,31.079999923706055,31.56999969482422,31.070703506469727,13089300,0.0,0.0,CCL
2025-09-10 00:00:00-04:00,31.56999969482422,31.8799991607666,30.559999465942383,31.360000610351562,30.86402702331543,19089800,0.0,0.0,CCL
2025-09-11 00:00:00-04:00,31.510000228881836,32.79999923706055,31.489999771118164,32.470001220703125,31.956472396850586,22241400,0.0,0.0,CCL
2025-09-12 00:00:00-04:00,32.400001525878906,32.41999816894531,31.510000228881836,31.510000228881836,31.01165199279785,13004100,0.0,0.0,CCL
2025-09-15 00:00:00-04:00,31.520000457763672,31.540000915527344,30.709999084472656,31.239999771118164,30.74592399597168,25356700,0.0,0.0,CCL
2025-09-16 00:00:00-04:00,31.25,31.25,30.549999237060547,31.200000762939453,30.70655632019043,19976900,0.0,0.0,CCL
2025-09-17 00:00:00-04:00,31.389999389648438,31.579999923706055,30.760000228881836,31.190000534057617,30.696714401245117,18048300,0.0,0.0,CCL
2025-09-18 00:00:00-04:00,31.360000610351562,31.59000015258789,31.040000915527344,31.450000762939453,30.95260238647461,15543800,0.0,0.0,CCL
2025-09-19 00:00:00-04:00,31.610000610351562,31.719999313354492,30.280000686645508,30.520000457763672,30.037311553955078,33360000,0.0,0.0,CCL
2025-09-22 00:00:00-04:00,30.56999969482422,30.889999389648438,30.360000610351562,30.709999084472656,30.22430419921875,17155200,0.0,0.0,CCL
2025-09-23 00:00:00-04:00,31.309999465942383,31.670000076293945,30.600000381469727,30.709999084472656,30.22430419921875,21772600,0.0,0.0,CCL
2025-09-24 00:00:00-04:00,30.709999084472656,30.850000381469727,30.18000030517578,30.3700008392334,29.889684677124023,15228900,0.0,0.0,CCL
2025-09-25 00:00:00-04:00,30.06999969482422,30.729999542236328,29.920000076293945,30.479999542236328,29.997941970825195,24816900,0.0,0.0,CCL
2025-09-26 00:00:00-04:00,30.549999237060547,30.75,30.239999771118164,30.6200008392334,30.135730743408203,22456400,0.0,0.0,CCL
2025-09-29 00:00:00-04:00,32.209999084472656,32.5,28.81999969482422,29.399999618530273,28.935022354125977,102357500,0.0,0.0,CCL
2025-09-30 00:00:00-04:00,29.780000686645508,30.149999618530273,28.59000015258789,28.90999984741211,28.45277214050293,38967500,0.0,0.0,CCL
2025-10-01 00:00:00-04:00,28.8799991607666,29.110000610351562,28.31999969482422,28.360000610351562,27.911474227905273,29096900,0.0,0.0,CCL
2025-10-02 00:00:00-04:00,28.5,29.0,28.34000015258789,28.850000381469727,28.393722534179688,20949000,0.0,0.0,CCL
2025-10-03 00:00:00-04:00,29.0,29.239999771118164,28.469999313354492,28.56999969482422,28.11815071105957,23869100,0.0,0.0,CCL
2025-10-06 00:00:00-04:00,28.65999984741211,29.149999618530273,28.020000457763672,29.09000015258789,28.629928588867188,21702900,0.0,0.0,CCL
2025-10-07 00:00:00-04:00,29.020000457763672,29.030000686645508,27.940000534057617,28.709999084472656,28.255935668945312,24053600,0.0,0.0,CCL
2025-10-08 00:00:00-04:00,28.790000915527344,29.260000228881836,28.469999313354492,28.920000076293945,28.462614059448242,15208900,0.0,0.0,CCL
2025-10-09 00:00:00-04:00,29.170000076293945,29.229999542236328,28.309999465942383,28.450000762939453,28.00004768371582,13514400,0.0,0.0,CCL
2025-10-10 00:00:00-04:00,28.399999618530273,28.790000915527344,27.610000610351562,27.690000534057617,27.2520694732666,17265700,0.0,0.0,CCL
2025-10-13 00:00:00-04:00,28.209999084472656,28.520000457763672,27.8700008392334,28.09000015258789,27.645742416381836,13933500,0.0,0.0,CCL
2025-10-14 00:00:00-04:00,27.639999389648438,29.270000457763672,27.469999313354492,28.959999084472656,28.501983642578125,18603400,0.0,0.0,CCL
2025-10-15 00:00:00-04:00,29.1299991607666,29.399999618530273,28.729999542236328,28.84000015258789,28.383882522583008,13077100,0.0,0.0,CCL
2025-10-16 00:00:00-04:00,28.950000762939453,29.1200008392334,28.030000686645508,28.209999084472656,27.763843536376953,18101200,0.0,0.0,CCL
2025-10-17 00:00:00-04:00,27.979999542236328,28.56999969482422,27.719999313354492,28.309999465942383,27.862260818481445,16897400,0.0,0.0,CCL
2025-10-20 00:00:00-04:00,28.450000762939453,29.059999465942383,28.40999984741211,28.860000610351562,28.403564453125,15392300,0.0,0.0,CCL
2025-10-21 00:00:00-04:00,28.989999771118164,30.020000457763672,28.809999465942383,29.969999313354492,29.496009826660156,19411400,0.0,0.0,CCL
2025-10-22 00:00:00-04:00,30.0,30.3700008392334,29.6299991607666,30.0,29.52553367614746,19819600,0.0,0.0,CCL
2025-10-23 00:00:00-04:00,29.760000228881836,30.100000381469727,29.25,29.440000534057617,28.974393844604492,19081400,0.0,0.0,CCL
2025-10-24 00:00:00-04:00,29.889999389648438,30.149999618530273,29.3700008392334,29.399999618530273,28.935022354125977,19776100,0.0,0.0,CCL
2025-10-27 00:00:00-04:00,29.700000762939453,29.889999389648438,29.049999237060547,29.420000076293945,28.954710006713867,19687500,0.0,0.0,CCL
2025-10-28 00:00:00-04:00,28.3700008392334,28.489999771118164,27.780000686645508,27.860000610351562,27.41938018798828,36340400,0.0,0.0,CCL
2025-10-29 00:00:00-04:00,27.799999237060547,28.40999984741211,27.65999984741211,27.8700008392334,27.429224014282227,32133800,0.0,0.0,CCL
2025-10-30 00:00:00-04:00,27.6200008392334,28.93000030517578,27.549999237060547,28.329999923706055,27.88194465637207,23362400,0.0,0.0,CCL
2025-10-31 00:00:00-04:00,28.25,28.979999542236328,28.020000457763672,28.829999923706055,28.374040603637695,44832700,0.0,0.0,CCL
2025-11-03 00:00:00-05:00,28.809999465942383,28.959999084472656,28.1299991607666,28.709999084472656,28.255935668945312,21219900,0.0,0.0,CCL
2025-11-04 00:00:00-05:00,27.0,27.309999465942383,25.90999984741211,26.110000610351562,25.697057723999023,39919000,0.0,0.0,CCL
2025-11-05 00:00:00-05:00,26.530000686645508,27.280000686645508,26.510000228881836,26.899999618530273,26.474563598632812,21405900,0.0,0.0,CCL
2025-11-06 00:00:00-05:00,26.68000030517578,27.030000686645508,26.290000915527344,26.3700008392334,25.952945709228516,16602400,0.0,0.0,CCL
2025-11-07 00:00:00-05:00,26.1299991607666,27.1299991607666,26.010000228881836,26.729999542236328,26.3072509765625,18927700,0.0,0.0,CCL
2025-11-10 00:00:00-05:00,27.09000015258789,27.43000030517578,26.670000076293945,26.889999389648438,26.4647216796875,21167200,0.0,0.0,CCL
2025-11-11 00:00:00-05:00,26.739999771118164,27.190000534057617,26.690000534057617,26.790000915527344,26.366304397583008,16090300,0.0,0.0,CCL
2025-11-12 00:00:00-05:00,26.920000076293945,27.81999969482422,26.8799991607666,27.1299991607666,26.700925827026367,17427300,0.0,0.0,CCL
2025-11-13 00:00:00-05:00,27.110000610351562,27.40999984741211,25.969999313354492,26.139999389648438,25.726581573486328,18128500,0.0,0.0,CCL
2025-11-14 00:00:00-05:00,25.719999313354492,26.170000076293945,25.290000915527344,26.020000457763672,25.60848045349121,14243700,0.0,0.0,CCL
2025-11-17 00:00:00-05:00,25.940000534057617,26.059999465942383,25.1200008392334,25.360000610351562,24.958919525146484,16530000,0.0,0.0,CCL
2025-11-18 00:00:00-05:00,25.3799991607666,26.010000228881836,25.299999237060547,25.760000228881836,25.35259246826172,17925300,0.0,0.0,CCL
2025-11-19 00:00:00-05:00,26.100000381469727,26.389999389648438,25.850000381469727,26.079999923706055,25.667531967163086,12727100,0.0,0.0,CCL
2025-11-20 00:00:00-05:00,26.360000610351562,26.6299991607666,25.290000915527344,25.31999969482422,24.9195499420166,21939900,0.0,0.0,CCL
2025-11-21 00:00:00-05:00,25.790000915527344,26.81999969482422,25.579999923706055,26.559999465942383,26.13994026184082,18027600,0.0,0.0,CCL
2025-11-24 00:00:00-05:00,26.729999542236328,26.860000610351562,24.600000381469727,24.760000228881836,24.368410110473633,42975800,0.0,0.0,CCL
2025-11-25 00:00:00-05:00,24.690000534057617,26.360000610351562,24.649999618530273,25.719999313354492,25.31322479248047,32096800,0.0,0.0,CCL
2025-11-26 00:00:00-05:00,25.93000030517578,25.950000762939453,25.43000030517578,25.43000030517578,25.02781105041504,30084200,0.0,0.0,CCL
2025-11-28 00:00:00-05:00,25.670000076293945,26.010000228881836,25.510000228881836,25.780000686645508,25.372276306152344,12260700,0.0,0.0,CCL
2025-12-01 00:00:00-05:00,25.639999389648438,25.979999542236328,25.40999984741211,25.93000030517578,25.51990509033203,17335300,0.0,0.0,CCL
2025-12-02 00:00:00-05:00,26.1200008392334,26.149999618530273,25.40999984741211,25.84000015258789,25.43132972717285,17932900,0.0,0.0,CCL
2025-12-03 00:00:00-05:00,25.829999923706055,26.149999618530273,25.530000686645508,26.040000915527344,25.628164291381836,20048800,0.0,0.0,CCL
2025-12-04 00:00:00-05:00,26.0,26.06999969482422,25.600000381469727,25.81999969482422,25.411643981933594,15680500,0.0,0.0,CCL
2025-12-05 00:00:00-05:00,25.93000030517578,26.040000915527344,25.65999984741211,25.8700008392334,25.460853576660156,10879900,0.0,0.0,CCL
2025-12-08 00:00:00-05:00,25.93000030517578,26.149999618530273,25.549999237060547,26.010000228881836,25.5986385345459,15756300,0.0,0.0,CCL
2025-12-09 00:00:00-05:00,25.68000030517578,25.860000610351562,25.270000457763672,25.510000228881836,25.10654640197754,17038500,0.0,0.0,CCL
2025-12-10 00:00:00-05:00,25.790000915527344,26.559999465942383,25.549999237060547,26.280000686645508,25.864368438720703,17622000,0.0,0.0,CCL
2025-12-11 00:00:00-05:00,26.3700008392334,28.09000015258789,26.3700008392334,27.84000015258789,27.399696350097656,24096700,0.0,0.0,CCL
2025-12-12 00:00:00-05:00,28.059999465942383,28.15999984741211,27.610000610351562,27.6200008392334,27.183177947998047,16421300,0.0,0.0,CCL
2025-12-15 00:00:00-05:00,28.110000610351562,28.809999465942383,27.920000076293945,28.600000381469727,28.147676467895508,21363700,0.0,0.0,CCL
2025-12-16 00:00:00-05:00,28.670000076293945,29.040000915527344,28.170000076293945,28.200000762939453,27.75400161743164,22716600,0.0,0.0,CCL
2025-12-17 00:00:00-05:00,28.260000228881836,28.899999618530273,28.010000228881836,28.030000686645508,27.586692810058594,18753700,0.0,0.0,CCL
2025-12-18 00:00:00-05:00,28.389999389648438,28.510000228881836,27.979999542236328,28.34000015258789,27.89179039001465,22533800,0.0,0.0,CCL
2025-12-19 00:00:00-05:00,28.549999237060547,31.489999771118164,27.959999084472656,31.1200008392334,30.627822875976562,84281000,0.0,0.0,CCL
2025-12-22 00:00:00-05:00,31.25,32.36000061035156,31.020000457763672,32.20000076293945,31.69074249267578,29981700,0.0,0.0,CCL
2025-12-23 00:00:00-05:00,32.52000045776367,32.88999938964844,31.31999969482422,31.65999984741211,31.15928077697754,24490100,0.0,0.0,CCL
2025-12-24 00:00:00-05:00,31.479999542236328,31.6200008392334,31.1200008392334,31.25,30.755765914916992,7559200,0.0,0.0,CCL
2025-12-26 00:00:00-05:00,31.25,31.450000762939453,30.610000610351562,30.700000762939453,30.21446418762207,10287000,0.0,0.0,CCL
2025-12-29 00:00:00-05:00,30.440000534057617,30.719999313354492,30.270000457763672,30.719999313354492,30.234146118164062,14914700,0.0,0.0,CCL
2025-12-30 00:00:00-05:00,30.719999313354492,31.010000228881836,30.700000762939453,30.81999969482422,30.332565307617188,9327600,0.0,0.0,CCL
2025-12-31 00:00:00-05:00,30.81999969482422,30.899999618530273,30.530000686645508,30.540000915527344,30.056995391845703,8289900,0.0,0.0,CCL
2026-01-02 00:00:00-05:00,30.690000534057617,31.219999313354492,30.3700008392334,30.920000076293945,30.430984497070312,15892000,0.0,0.0,CCL
2026-01-05 00:00:00-05:00,30.510000228881836,31.790000915527344,30.40999984741211,31.489999771118164,30.99197006225586,21182300,0.0,0.0,CCL
2026-01-06 00:00:00-05:00,31.600000381469727,32.79999923706055,31.469999313354492,32.29999923706055,31.78915786743164,23312500,0.0,0.0,CCL
2026-01-07 00:00:00-05:00,31.479999542236328,32.189998626708984,31.479999542236328,32.11000061035156,31.602163314819336,18236300,0.0,0.0,CCL
2026-01-08 00:00:00-05:00,32.09000015258789,32.470001220703125,31.489999771118164,31.690000534057617,31.188806533813477,20601600,0.0,0.0,CCL
2026-01-09 00:00:00-05:00,31.770000457763672,32.18000030517578,31.350000381469727,32.130001068115234,31.621849060058594,14978600,0.0,0.0,CCL
2026-01-12 00:00:00-05:00,31.899999618530273,32.0,31.399999618530273,31.610000610351562,31.11007308959961,14816100,0.0,0.0,CCL
2026-01-13 00:00:00-05:00,31.290000915527344,31.530000686645508,30.309999465942383,30.989999771118164,30.4998779296875,19716400,0.0,0.0,CCL
2026-01-14 00:00:00-05:00,30.739999771118164,30.760000228881836,29.59000015258789,30.18000030517578,29.702688217163086,23791600,0.0,0.0,CCL
2026-01-15 00:00:00-05:00,30.459999084472656,30.559999465942383,29.3700008392334,29.440000534057617,28.974393844604492,19752000,0.0,0.0,CCL
2026-01-16 00:00:00-05:00,29.440000534057617,29.489999771118164,28.799999237060547,28.920000076293945,28.462614059448242,16310400,0.0,0.0,CCL
2026-01-20 00:00:00-05:00,27.940000534057617,28.690000534057617,27.760000228881836,28.020000457763672,27.57685089111328,20008700,0.0,0.0,CCL
2026-01-21 00:00:00-05:00,28.329999923706055,28.530000686645508,28.030000686645508,28.25,27.803211212158203,15394100,0.0,0.0,CCL
2026-01-22 00:00:00-05:00,28.8700008392334,28.969999313354492,28.40999984741211,28.489999771118164,28.039417266845703,16454800,0.0,0.0,CCL
2026-01-23 00:00:00-05:00,28.350000381469727,28.8700008392334,28.190000534057617,28.549999237060547,28.098466873168945,18889900,0.0,0.0,CCL
2026-01-26 00:00:00-05:00,28.40999984741211,28.889999389648438,28.31999969482422,28.670000076293945,28.216567993164062,15455200,0.0,0.0,CCL
2026-01-27 00:00:00-05:00,28.670000076293945,28.719999313354492,28.34000015258789,28.690000534057617,28.23625373840332,10045400,0.0,0.0,CCL
2026-01-28 00:00:00-05:00,28.75,29.309999465942383,28.6200008392334,28.719999313354492,28.265777587890625,19948900,0.0,0.0,CCL
2026-01-29 00:00:00-05:00,29.290000915527344,31.440000534057617,29.229999542236328,31.149999618530273,30.657346725463867,40745500,0.0,0.0,CCL
2026-01-30 00:00:00-05:00,31.0,31.0,29.579999923706055,30.020000457763672,29.54521942138672,22778800,0.0,0.0,CCL
2026-02-02 00:00:00-05:00,30.18000030517578,32.689998626708984,30.1200008392334,32.45000076293945,31.936786651611328,30352500,0.0,0.0,CCL
2026-02-03 00:00:00-05:00,31.93000030517578,33.150001525878906,31.639999389648438,31.940000534057617,31.434852600097656,29019700,0.0,0.0,CCL
2026-02-04 00:00:00-05:00,32.43000030517578,32.43000030517578,31.139999389648438,32.09000015258789,31.582481384277344,23860000,0.0,0.0,CCL
2026-02-05 00:00:00-05:00,31.84000015258789,32.61000061035156,31.25,31.450000762939453,30.95260238647461,17165700,0.0,0.0,CCL
2026-02-06 00:00:00-05:00,31.809999465942383,34.029998779296875,31.729999542236328,33.9900016784668,33.45243453979492,27375400,0.0,0.0,CCL
2026-02-09 00:00:00-05:00,33.470001220703125,33.619998931884766,32.779998779296875,32.810001373291016,32.29109191894531,18347600,0.0,0.0,CCL
2026-02-10 00:00:00-05:00,32.54999923706055,33.650001525878906,32.5,33.349998474121094,32.82255172729492,21443400,0.0,0.0,CCL
2026-02-11 00:00:00-05:00,33.279998779296875,33.560001373291016,32.540000915527344,33.09000015258789,32.56666564941406,18968700,0.0,0.0,CCL
2026-02-12 00:00:00-05:00,33.33000183105469,33.75,32.11000061035156,32.599998474121094,32.08441162109375,21246400,0.0,0.0,CCL
2026-02-13 00:00:00-05:00,32.2599983215332,32.380001068115234,31.360000610351562,31.770000457763672,31.412076950073242,18274800,0.15,0.0,CCL
2026-02-17 00:00:00-05:00,32.599998474121094,33.209999084472656,32.130001068115234,32.68000030517578,32.311824798583984,21158200,0.0,0.0,CCL
2026-02-18 00:00:00-05:00,32.15999984741211,33.16999816894531,31.84000015258789,32.540000915527344,32.17340087890625,17421100,0.0,0.0,CCL
2026-02-19 00:00:00-05:00,32.20000076293945,32.689998626708984,31.469999313354492,31.549999237060547,31.19455337524414,23590700,0.0,0.0,CCL
2026-02-20 00:00:00-05:00,31.549999237060547,32.36000061035156,31.399999618530273,31.989999771118164,31.629596710205078,18134900,0.0,0.0,CCL
2026-02-23 00:00:00-05:00,31.920000076293945,32.369998931884766,29.959999084472656,30.420000076293945,30.077285766601562,24145900,0.0,0.0,CCL
2026-02-24 00:00:00-05:00,30.31999969482422,31.639999389648438,30.079999923706055,31.610000610351562,31.25387954711914,15667800,0.0,0.0,CCL
2026-02-25 00:00:00-05:00,31.780000686645508,31.940000534057617,31.190000534057617,31.700000762939453,31.342866897583008,13818900,0.0,0.0,CCL
2026-02-26 00:00:00-05:00,32.20000076293945,32.9900016784668,32.02000045776367,32.70000076293945,32.331600189208984,15711500,0.0,0.0,CCL
2026-02-27 00:00:00-05:00,31.3799991607666,31.959999084472656,31.219999313354492,31.549999237060547,31.19455337524414,19943500,0.0,0.0,CCL
2026-03-02 00:00:00-05:00,28.850000381469727,29.75,27.899999618530273,29.139999389648438,28.811704635620117,38114600,0.0,0.0,CCL
2026-03-03 00:00:00-05:00,27.68000030517578,28.829999923706055,27.110000610351562,28.530000686645508,28.20857810974121,30039700,0.0,0.0,CCL
2026-03-04 00:00:00-05:00,28.600000381469727,28.950000762939453,27.8799991607666,28.010000228881836,27.69443702697754,21974000,0.0,0.0,CCL
2026-03-05 00:00:00-05:00,27.709999084472656,28.40999984741211,26.709999084472656,27.15999984741211,26.854013442993164,34668300,0.0,0.0,CCL
2026-03-06 00:00:00-05:00,25.84000015258789,25.969999313354492,25.440000534057617,25.790000915527344,25.499446868896484,36028000,0.0,0.0,CCL
2026-03-09 00:00:00-04:00,24.469999313354492,26.389999389648438,23.469999313354492,26.389999389648438,26.09268569946289,56154000,0.0,0.0,CCL
2026-03-10 00:00:00-04:00,25.899999618530273,26.959999084472656,25.280000686645508,26.209999084472656,25.914714813232422,35613600,0.0,0.0,CCL
2026-03-11 00:00:00-04:00,26.010000228881836,26.549999237060547,25.510000228881836,25.969999313354492,25.677419662475586,23368300,0.0,0.0,CCL
2026-03-12 00:00:00-04:00,25.09000015258789,25.239999771118164,23.8700008392334,23.920000076293945,23.650514602661133,38826500,0.0,0.0,CCL
2026-03-13 00:00:00-04:00,24.09000015258789,24.829999923706055,23.780000686645508,23.989999771118164,23.719724655151367,23093200,0.0,0.0,CCL
2026-03-16 00:00:00-04:00,24.43000030517578,25.09000015258789,24.40999984741211,24.719999313354492,24.441499710083008,24107700,0.0,0.0,CCL
2026-03-17 00:00:00-04:00,25.290000915527344,25.40999984741211,24.90999984741211,25.09000015258789,24.807334899902344,21006500,0.0,0.0,CCL
2026-03-18 00:00:00-04:00,24.739999771118164,25.040000915527344,24.15999984741211,24.15999984741211,23.8878116607666,26305600,0.0,0.0,CCL
2026-03-19 00:00:00-04:00,24.020000457763672,25.040000915527344,23.959999084472656,24.940000534057617,24.65902328491211,30118800,0.0,0.0,CCL
2026-03-20 00:00:00-04:00,24.56999969482422,24.760000228881836,23.90999984741211,24.1200008392334,23.8482608795166,48721700,0.0,0.0,CCL
2026-03-23 00:00:00-04:00,25.649999618530273,26.219999313354492,25.3700008392334,25.450000762939453,25.163278579711914,34796900,0.0,0.0,CCL
2026-03-24 00:00:00-04:00,24.760000228881836,25.690000534057617,24.709999084472656,25.469999313354492,25.18305206298828,24791300,0.0,0.0,CCL
2026-03-25 00:00:00-04:00,26.219999313354492,26.389999389648438,25.520000457763672,25.729999542236328,25.440122604370117,24569000,0.0,0.0,CCL
2026-03-26 00:00:00-04:00,25.389999389648438,25.8799991607666,25.15999984741211,25.280000686645508,24.995193481445312,22463500,0.0,0.0,CCL
2026-03-27 00:00:00-04:00,24.56999969482422,25.459999084472656,23.65999984741211,24.190000534057617,23.91747283935547,43089900,0.0,0.0,CCL
2026-03-30 00:00:00-04:00,24.389999389648438,24.84000015258789,23.790000915527344,23.959999084472656,23.6900634765625,26741400,0.0,0.0,CCL
2026-03-31 00:00:00-04:00,24.739999771118164,25.93000030517578,24.5,25.8799991607666,25.58843231201172,41039100,0.0,0.0,CCL
2026-04-01 00:00:00-04:00,26.489999771118164,26.739999771118164,26.030000686645508,26.579999923706055,26.280546188354492,27439500,0.0,0.0,CCL
2026-04-02 00:00:00-04:00,25.34000015258789,26.059999465942383,24.940000534057617,25.639999389648438,25.351137161254883,26943800,0.0,0.0,CCL
2026-04-06 00:00:00-04:00,25.700000762939453,25.979999542236328,25.280000686645508,25.969999313354492,25.677419662475586,16505100,0.0,0.0,CCL
2026-04-07 00:00:00-04:00,25.459999084472656,25.479999542236328,24.739999771118164,25.200000762939453,24.916093826293945,25395300,0.0,0.0,CCL
2026-04-08 00:00:00-04:00,28.280000686645508,28.989999771118164,27.600000381469727,28.030000686645508,27.71421241760254,52285400,0.0,0.0,CCL
2026-04-09 00:00:00-04:00,27.81999969482422,28.1200008392334,26.899999618530273,27.850000381469727,27.536239624023438,25712600,0.0,0.0,CCL
2026-04-10 00:00:00-04:00,28.31999969482422,28.510000228881836,27.440000534057617,27.979999542236328,27.66477394104004,19468100,0.0,0.0,CCL
2026-04-13 00:00:00-04:00,27.100000381469727,27.799999237060547,26.829999923706055,27.75,27.437366485595703,20060100,0.0,0.0,CCL
2026-04-14 00:00:00-04:00,28.25,28.93000030517578,28.040000915527344,28.690000534057617,28.366775512695312,20048700,0.0,0.0,CCL
2026-04-15 00:00:00-04:00,28.739999771118164,29.1299991607666,28.270000457763672,28.81999969482422,28.495311737060547,20614900,0.0,0.0,CCL
2026-04-16 00:00:00-04:00,28.899999618530273,29.1299991607666,27.15999984741211,27.309999465942383,27.002321243286133,32073600,0.0,0.0,CCL
2026-04-17 00:00:00-04:00,29.059999465942383,30.15999984741211,28.950000762939453,29.219999313354492,28.890804290771484,37524000,0.0,0.0,CCL
2026-04-20 00:00:00-04:00,28.760000228881836,29.059999465942383,28.5,29.010000228881836,28.683170318603516,19133300,0.0,0.0,CCL
2026-04-21 00:00:00-04:00,28.93000030517578,28.959999084472656,27.209999084472656,27.360000610351562,27.051759719848633,29166000,0.0,0.0,CCL
2026-04-22 00:00:00-04:00,27.420000076293945,27.700000762939453,26.709999084472656,26.940000534057617,26.636491775512695,17360200,0.0,0.0,CCL
2026-04-23 00:00:00-04:00,26.790000915527344,27.329999923706055,26.18000030517578,26.649999618530273,26.34975814819336,21057000,0.0,0.0,CCL
2026-04-24 00:00:00-04:00,26.75,27.299999237060547,26.530000686645508,27.170000076293945,26.863901138305664,17360500,0.0,0.0,CCL
2026-04-27 00:00:00-04:00,26.729999542236328,27.049999237060547,26.450000762939453,26.770000457763672,26.468408584594727,18879800,0.0,0.0,CCL
2026-04-28 00:00:00-04:00,26.239999771118164,26.6200008392334,26.1200008392334,26.299999237060547,26.00370216369629,15692200,0.0,0.0,CCL
2026-04-29 00:00:00-04:00,26.010000228881836,26.020000457763672,25.34000015258789,25.579999923706055,25.291812896728516,26210400,0.0,0.0,CCL
2026-04-30 00:00:00-04:00,26.489999771118164,27.3700008392334,26.18000030517578,26.510000228881836,26.211334228515625,28026900,0.0,0.0,CCL
2026-05-01 00:00:00-04:00,26.6299991607666,27.309999465942383,26.079999923706055,26.65999984741211,26.35964584350586,21981200,0.0,0.0,CCL
2026-05-04 00:00:00-04:00,26.1200008392334,26.770000457763672,25.25,25.670000076293945,25.38079833984375,31850900,0.0,0.0,CCL
2026-05-05 00:00:00-04:00,25.739999771118164,26.290000915527344,25.670000076293945,25.770000457763672,25.479673385620117,80404400,0.0,0.0,CCL
2026-05-06 00:00:00-04:00,27.299999237060547,27.6200008392334,26.790000915527344,27.520000457763672,27.209957122802734,50805300,0.0,0.0,CCL
2026-05-07 00:00:00-04:00,27.6200008392334,28.049999237060547,26.75,27.0,26.69581413269043,26335100,0.0,0.0,CCL
2026-05-08 00:00:00-04:00,27.200000762939453,27.290000915527344,26.25,26.3799991607666,26.08279800415039,29526400,0.0,0.0,CCL
2026-05-11 00:00:00-04:00,25.860000610351562,26.010000228881836,24.989999771118164,25.440000534057617,25.153390884399414,37239600,0.0,0.0,CCL
2026-05-12 00:00:00-04:00,25.389999389648438,25.459999084472656,24.739999771118164,24.850000381469727,24.570037841796875,30772000,0.0,0.0,CCL
2026-05-13 00:00:00-04:00,24.729999542236328,25.200000762939453,24.40999984741211,25.030000686645508,24.748010635375977,23074100,0.0,0.0,CCL
2026-05-14 00:00:00-04:00,25.75,26.040000915527344,25.190000534057617,25.200000762939453,24.916093826293945,22758000,0.0,0.0,CCL
2026-05-15 00:00:00-04:00,24.8700008392334,25.139999389648438,24.579999923706055,24.639999389648438,24.362403869628906,22806400,0.0,0.0,CCL
2026-05-18 00:00:00-04:00,24.8799991607666,25.329999923706055,24.649999618530273,24.90999984741211,24.780214309692383,27417400,0.15,0.0,CCL
2026-05-19 00:00:00-04:00,24.649999618530273,24.709999084472656,23.670000076293945,23.889999389648438,23.765527725219727,29209200,0.0,0.0,CCL
2026-05-20 00:00:00-04:00,24.0,26.34000015258789,23.450000762939453,26.030000686645508,25.894380569458008,49192600,0.0,0.0,CCL
2026-05-21 00:00:00-04:00,25.440000534057617,26.489999771118164,24.90999984741211,26.18000030517578,26.043598175048828,34181800,0.0,0.0,CCL
2026-05-22 00:00:00-04:00,26.299999237060547,26.5,25.81999969482422,25.979999542236328,25.84463882446289,17155700,0.0,0.0,CCL
2026-05-26 00:00:00-04:00,26.81999969482422,27.09000015258789,26.5,26.709999084472656,26.57083511352539,24977700,0.0,0.0,CCL
2026-05-27 00:00:00-04:00,27.479999542236328,28.290000915527344,27.360000610351562,27.979999542236328,27.834218978881836,32843600,0.0,0.0,CCL
2026-05-28 00:00:00-04:00,27.34000015258789,28.280000686645508,27.239999771118164,27.940000534057617,27.7944278717041,20159100,0.0,0.0,CCL
2026-05-29 00:00:00-04:00,28.079999923706055,28.399999618530273,27.760000228881836,28.059999465942383,27.913803100585938,36961200,0.0,0.0,CCL
2026-06-01 00:00:00-04:00,27.510000228881836,28.09000015258789,27.020000457763672,27.510000228881836,27.366668701171875,23438100,0.0,0.0,CCL
2026-06-02 00:00:00-04:00,27.399999618530273,27.65999984741211,27.100000381469727,27.639999389648438,27.495990753173828,18117200,0.0,0.0,CCL
2026-06-03 00:00:00-04:00,27.25,27.809999465942383,27.010000228881836,27.170000076293945,27.028440475463867,18208900,0.0,0.0,CCL
2026-06-04 00:00:00-04:00,27.639999389648438,27.950000762939453,27.1200008392334,27.850000381469727,27.704896926879883,17917500,0.0,0.0,CCL
2026-06-05 00:00:00-04:00,27.639999389648438,28.09000015258789,27.020000457763672,27.40999984741211,27.267189025878906,15915100,0.0,0.0,CCL
2026-06-08 00:00:00-04:00,27.18000030517578,27.389999389648438,26.940000534057617,27.010000228881836,26.869274139404297,15924000,0.0,0.0,CCL
2026-06-09 00:00:00-04:00,27.530000686645508,28.209999084472656,26.799999237060547,27.729999542236328,27.585521697998047,30368000,0.0,0.0,CCL
2026-06-10 00:00:00-04:00,27.299999237060547,27.450000762939453,25.770000457763672,25.989999771118164,25.85458755493164,24295100,0.0,0.0,CCL
2026-06-11 00:00:00-04:00,25.670000076293945,28.170000076293945,25.649999618530273,28.1200008392334,27.973491668701172,30013300,0.0,0.0,CCL
2026-06-12 00:00:00-04:00,28.739999771118164,29.200000762939453,27.93000030517578,29.18000030517578,29.02796745300293,29553300,0.0,0.0,CCL
2026-06-15 00:00:00-04:00,30.40999984741211,31.149999618530273,29.989999771118164,30.1200008392334,29.963069915771484,37900600,0.0,0.0,CCL
2026-06-16 00:00:00-04:00,30.510000228881836,31.049999237060547,30.219999313354492,30.899999618530273,30.73900604248047,24486200,0.0,0.0,CCL
2026-06-17 00:00:00-04:00,31.09000015258789,31.600000381469727,29.860000610351562,29.90999984741211,29.75416374206543,24845400,0.0,0.0,CCL
2026-06-18 00:00:00-04:00,31.18000030517578,31.299999237060547,30.68000030517578,30.8700008392334,30.709163665771484,31480600,0.0,0.0,CCL
2026-06-22 00:00:00-04:00,30.760000228881836,30.989999771118164,29.8700008392334,30.190000534057617,30.032705307006836,31566300,0.0,0.0,CCL
2026-06-23 00:00:00-04:00,27.399999618530273,28.889999389648438,27.0,28.719999313354492,28.570363998413086,40341600,0.0,0.0,CCL
2026-06-24 00:00:00-04:00,29.309999465942383,30.0,28.790000915527344,28.90999984741211,28.759374618530273,31566200,0.0,0.0,CCL
2026-06-25 00:00:00-04:00,29.309999465942383,29.889999389648438,28.1299991607666,28.459999084472656,28.311717987060547,29373500,0.0,0.0,CCL
2026-06-26 00:00:00-04:00,28.200000762939453,29.1299991607666,28.1299991607666,29.06999969482422,28.918540954589844,32186400,0.0,0.0,CCL
2026-06-29 00:00:00-04:00,29.190000534057617,29.639999389648438,29.030000686645508,29.190000534057617,29.03791618347168,19283500,0.0,0.0,CCL
2026-06-30 00:00:00-04:00,28.940000534057617,29.1200008392334,28.260000228881836,28.56999969482422,28.421144485473633,17824900,0.0,0.0,CCL
2026-07-01 00:00:00-04:00,28.600000381469727,29.43000030517578,28.479999542236328,28.520000457763672,28.37140655517578,18553900,0.0,0.0,CCL
2026-07-02 00:00:00-04:00,28.90999984741211,29.149999618530273,27.459999084472656,27.90999984741211,27.764583587646484,19178700,0.0,0.0,CCL
2026-07-06 00:00:00-04:00,28.0,28.260000228881836,27.389999389648438,27.510000228881836,27.366668701171875,15018400,0.0,0.0,CCL
2026-07-07 00:00:00-04:00,27.34000015258789,27.56999969482422,26.459999084472656,26.68000030517578,26.540992736816406,18242400,0.0,0.0,CCL
2026-07-08 00:00:00-04:00,26.100000381469727,26.110000610351562,25.270000457763672,25.639999389648438,25.506410598754883,27594100,0.0,0.0,CCL
2026-07-09 00:00:00-04:00,25.969999313354492,27.040000915527344,25.809999465942383,26.719999313354492,26.58078384399414,16732500,0.0,0.0,CCL
2026-07-10 00:00:00-04:00,26.8700008392334,27.18000030517578,26.399999618530273,26.829999923706055,26.69021224975586,12441500,0.0,0.0,CCL
2026-07-13 00:00:00-04:00,26.510000228881836,27.299999237060547,26.34000015258789,26.610000610351562,26.471357345581055,16290000,0.0,0.0,CCL
2026-07-14 00:00:00-04:00,26.5,26.920000076293945,26.260000228881836,26.5,26.36193084716797,14215600,0.0,0.0,CCL
2026-07-15 00:00:00-04:00,26.6299991607666,27.229999542236328,26.3799991607666,26.59000015258789,26.451461791992188,19347400,0.0,0.0,CCL
2026-07-16 00:00:00-04:00,26.489999771118164,26.860000610351562,26.260000228881836,26.860000610351562,26.720056533813477,13947500,0.0,0.0,CCL
2026-07-17 00:00:00-04:00,26.010000228881836,26.65999984741211,25.860000610351562,26.40999984741211,26.27239990234375,16843700,0.0,0.0,CCL
2026-07-20 00:00:00-04:00,26.610000610351562,26.770000457763672,25.81999969482422,26.040000915527344,25.904327392578125,17759100,0.0,0.0,CCL
2026-07-21 00:00:00-04:00,26.100000381469727,26.329999923706055,25.81999969482422,26.15999984741211,26.02370262145996,16029500,0.0,0.0,CCL
2026-07-22 00:00:00-04:00,25.979999542236328,26.489999771118164,25.739999771118164,26.100000381469727,25.96401596069336,15859800,0.0,0.0,CCL
2026-07-23 00:00:00-04:00,25.270000457763672,25.739999771118164,25.100000381469727,25.270000457763672,25.13833999633789,24933000,0.0,0.0,CCL
2026-07-24 00:00:00-04:00,25.649999618530273,27.020000457763672,25.579999923706055,26.329999923706055,26.19281578063965,23020500,0.0,0.0,CCL
2026-07-27 00:00:00-04:00,27.200000762939453,27.489999771118164,26.670000076293945,27.1200008392334,26.978700637817383,21121000,0.0,0.0,CCL
2026-07-28 00:00:00-04:00,27.09000015258789,28.31999969482422,26.90999984741211,28.229999542236328,28.082916259765625,27081000,0.0,0.0,CCL
2026-07-29 00:00:00-04:00,27.479999542236328,28.389999389648438,27.329999923706055,27.809999465942383,27.66510581970215,20271300,0.0,0.0,CCL
2026-07-30 00:00:00-04:00,27.670000076293945,27.940000534057617,27.15999984741211,27.770000457763672,27.625314712524414,23650600,0.0,0.0,CCL
2026-07-31 00:00:00-04:00,27.899999618530273,27.989999771118164,27.280000686645508,27.809999465942383,27.66510581970215,17275100,0.0,0.0,CCL
2026-08-03 00:00:00-04:00,28.469999313354492,29.09000015258789,28.229999542236328,28.739999771118164,28.590259552001953,16774200,0.0,0.0,CCL
2026-08-04 00:00:00-04:00,29.31999969482422,29.90999984741211,29.290000915527344,29.59000015258789,29.43583106994629,22467200,0.0,0.0,CCL
2026-08-05 00:00:00-04:00,29.760000228881836,30.219999313354492,29.6299991607666,29.670000076293945,29.51541519165039,17042300,0.0,0.0,CCL
2026-08-06 00:00:00-04:00,29.399999618530273,29.559999465942383,28.770000457763672,28.790000915527344,28.64000129699707,13941200,0.0,0.0,CCL
2026-08-07 00:00:00-04:00,29.270000457763672,29.270000457763672,28.31999969482422,28.989999771118164,28.989999771118164,13380000,0.15,0.0,CCL
2026-08-10 00:00:00-04:00,28.299999237060547,28.489999771118164,27.700000762939453,27.75,27.75,24288000,0.0,0.0,CCL
2026-08-11 00:00:00-04:00,27.989999771118164,28.43000030517578,27.549999237060547,27.729999542236328,27.729999542236328,13927100,0.0,0.0,CCL
2026-08-12 00:00:00-04:00,27.920000076293945,28.110000610351562,27.479999542236328,27.670000076293945,27.670000076293945,10926700,0.0,0.0,CCL
2026-08-13 00:00:00-04:00,28.170000076293945,28.600000381469727,27.950000762939453,28.420000076293945,28.420000076293945,13679900,0.0,0.0,CCL
2026-08-14 00:00:00-04:00,28.399999618530273,28.790000915527344,28.100000381469727,28.1200008392334,28.1200008392334,15049700,0.0,0.0,CCL
2026-08-17 00:00:00-04:00,27.979999542236328,28.100000381469727,27.549999237060547,27.729999542236328,27.729999542236328,13672000,0.0,0.0,CCL
2026-08-18 00:00:00-04:00,27.399999618530273,27.65999984741211,27.219999313354492,27.270000457763672,27.270000457763672,11002100,0.0,0.0,CCL
2026-08-19 00:00:00-04:00,27.579999923706055,27.610000610351562,26.6299991607666,26.690000534057617,26.690000534057617,16238400,0.0,0.0,CCL
2026-08-20 00:00:00-04:00,26.200000762939453,26.280000686645508,25.190000534057617,25.3700008392334,25.3700008392334,26822600,0.0,0.0,CCL
2026-08-21 00:00:00-04:00,25.639999389648438,25.8700008392334,25.459999084472656,25.729999542236328,25.729999542236328,17018500,0.0,0.0,CCL
